prompt,eab_count,eab_self_bleu_2,eab_self_bleu_3,eab_distinct_2,eab_distinct_3,eab_distinct_4,eab_avg_length,naive_count,naive_self_bleu_2,naive_self_bleu_3,naive_distinct_2,naive_distinct_3,naive_distinct_4,naive_avg_length
The connection between creativity and science is,20,0.2525303195772981,0.22522301354780577,0.375,0.42105263157894735,0.45454545454545453,25.4,20,0.042544847590541654,0.0195169119037269,0.9010416666666666,0.9895652173913043,0.9982578397212544,25.55
The beauty of tradition lies in,20,0.5088088699179465,0.49008626703080466,0.32035398230088497,0.36524822695035464,0.40319715808170514,25.35,20,0.05384569267495777,0.028701805152060698,0.8792517006802721,0.9710391822827938,0.9931740614334471,26.85
The beauty of music lies in,20,0.3131799312040977,0.275911190350877,0.35173824130879344,0.39549180327868855,0.43121149897330596,21.7,20,0.06992691695295089,0.0365802666720831,0.8488964346349746,0.95578231292517,0.9829642248722317,26.0
"To address inequality, we need to",20,0.44794499720061404,0.39456218491040523,0.25989672977624784,0.3103448275862069,0.35060449050086356,25.9,20,0.047548811440593676,0.022030911905204235,0.8729582577132486,0.9709090909090909,0.9890710382513661,24.95
How can we reduce climate change,20,0.3269395896038348,0.28041031200396416,0.35655737704918034,0.41683778234086244,0.46502057613168724,21.95,20,0.04451297646339745,0.021444698626510786,0.907608695652174,0.9836660617059891,0.9945454545454545,24.95
When volunteering becomes important,19,0.22403579313576527,0.1907898942714574,0.7097378277153558,0.7673545966228893,0.8026315789473685,26.0,19,0.05931734121621933,0.02588943889838305,0.88,0.9799635701275046,0.9927007299270073,26.36842105263158
The practice of cooking teaches us,19,0.26540625860180855,0.22064133719168744,0.6848816029143898,0.7755474452554745,0.8372943327239488,26.36842105263158,19,0.04987393179259368,0.021061524614811825,0.899641577060932,0.992818671454219,0.9982014388489209,26.42105263157895
The turning point in my thinking occurred when,20,0.356821309404015,0.31589890817809335,0.3212996389891697,0.3743218806509946,0.40942028985507245,24.9,20,0.04538774861082993,0.021913298510060873,0.9013840830449827,0.9826689774696707,0.9965277777777778,26.25
"To preserve the environment, we must",20,0.26856920642743637,0.25184130218859185,0.36293436293436293,0.40618955512572535,0.437984496124031,23.8,20,0.0409492154070301,0.01888698340631975,0.9146341463414634,0.987783595113438,0.9965034965034965,25.75
The meaning of success is,19,0.05142506668087622,0.027104615398029438,0.9146110056925996,0.9714828897338403,0.9961904761904762,24.31578947368421,19,0.050411130379153596,0.02283016440825335,0.8747763864042933,0.9802867383512545,0.9964093357271095,25.94736842105263
The nature of intelligence is,19,0.07626506881157462,0.04986961820327574,0.8640595903165735,0.9347014925373134,0.9626168224299065,25.157894736842106,19,0.04308061802819241,0.020206046550725696,0.9117117117117117,0.9855595667870036,0.9981916817359855,26.736842105263158
The challenge of meditation is that,19,0.0616265155476737,0.030898668580654518,0.9040590405904059,0.9648798521256932,0.9907407407407407,26.105263157894736,19,0.052152179718618775,0.02159639338825256,0.8827708703374778,0.9822064056939501,0.9928698752228164,26.68421052631579
An unexpected lesson came from,21,0.4885290236746618,0.4653454698965206,0.3304195804195804,0.38003502626970226,0.41403508771929826,23.19047619047619,21,0.033476171484132906,0.016231204778798993,0.9363166953528399,0.9948275862068966,0.998272884283247,24.523809523809526
"If everyone learned one skill, it should be",20,0.19224680980698838,0.17468753033720696,0.42095238095238097,0.4599236641221374,0.4894837476099426,21.7,20,0.04725299434030373,0.021970557131496607,0.87215411558669,0.9736842105263158,0.9964850615114236,24.6
The art of gardening requires,20,0.2830360912406135,0.2575671345104,0.3249581239530988,0.3640939597315436,0.3949579831932773,26.25,20,0.052703755785308275,0.026535177992673225,0.8865619546247818,0.9790209790209791,0.9982486865148862,25.4
"To build a better community, we should",23,0.19047219976443977,0.1608961634919853,0.3654743390357698,0.4174454828660436,0.44773790951638065,25.217391304347824,23,0.04373606436664856,0.019395533420067477,0.8839285714285714,0.9746646795827124,0.9880597014925373,25.608695652173914
How can we make cities more sustainable,20,0.3290287721556216,0.2960538226346391,0.35144927536231885,0.41197822141560797,0.44727272727272727,25.05,20,0.04250679856669563,0.019645974048085223,0.9135338345864662,0.9905838041431262,0.9981132075471698,23.55
The value of failure is,19,0.041363848703273746,0.021060484929444675,0.9083969465648855,0.9751434034416826,0.9980842911877394,24.63157894736842,19,0.046651095460566,0.022124210756787513,0.8729281767955801,0.9760147601476015,0.9963031423290203,24.94736842105263
The most important quality in a leader is,20,0.293550565705434,0.24540098654476766,0.3893653516295026,0.4415807560137457,0.4784853700516351,25.7,20,0.04159492825762188,0.020134684387628134,0.8850771869639794,0.979381443298969,0.9965576592082617,26.15
The reasons people travel are,21,0.3376375716713285,0.316518048061743,0.351493848857645,0.39436619718309857,0.42680776014109345,23.142857142857142,21,0.04631696544294201,0.022114679264319606,0.8762214983713354,0.9608482871125612,0.9836601307189542,25.714285714285715
The evolution of communication shows that,20,0.216881682431103,0.19447636356139814,0.3826086956521739,0.4355400696864111,0.47643979057591623,25.75,20,0.03630789879328019,0.016677594246434335,0.9264448336252189,1.0,1.0,25.4
The art of coding requires,20,0.3378760498622322,0.29963409055731915,0.34133790737564323,0.3848797250859107,0.4199655765920826,24.85,20,0.05379001192913768,0.028857046719168705,0.8747855917667239,0.9621993127147767,0.9931153184165232,26.45
"To foster innovation, organizations should",23,0.30935540791485244,0.29156367461515964,0.33121019108280253,0.3763955342902711,0.41054313099041534,24.391304347826086,23,0.045674605891847984,0.02050336926558707,0.9015384615384615,0.9907550077041603,0.9984567901234568,25.217391304347824
The difference between knowledge and wisdom is,20,0.3433775275239206,0.30022413009108595,0.29842931937172773,0.34965034965034963,0.38704028021015763,26.6,20,0.05317568581225468,0.02327637731797793,0.828125,0.96,0.9825783972125436,25.95
What are the characteristics of a good friend,20,0.2639664662268266,0.2383575222315787,0.37065637065637064,0.41005802707930367,0.4437984496124031,21.7,20,0.05530502981387674,0.02797174604933426,0.8633879781420765,0.9616788321167883,0.9835466179159049,23.8
"If we could solve one problem, it should be",21,0.3933493471425428,0.36276777976897856,0.365,0.43859649122807015,0.4899497487437186,13.619047619047619,21,0.046184363454505016,0.020156989814226606,0.8993055555555556,0.9930434782608696,1.0,23.428571428571427
A life-changing experience happened when,20,0.34455812057268786,0.3183250554569579,0.3711340206185567,0.423407917383821,0.453448275862069,27.05,20,0.04824888257078204,0.021098124347437165,0.8929824561403509,0.9859402460456942,0.9982394366197183,25.85
The greatest discovery in history was,19,0.10782936004650207,0.055809234376499546,0.8685258964143426,0.93812375249501,0.974,23.42105263157895,19,0.05105122759038181,0.022727598691694974,0.9079189686924494,0.9870848708487084,0.9944547134935305,25.736842105263158
The beauty of traveling lies in,19,0.04108710316666337,0.02129405506784539,0.9356060606060606,0.9810246679316889,0.9980988593155894,25.210526315789473,19,0.044460186487475774,0.02242834127802094,0.8966131907308378,0.9785714285714285,0.9946332737030411,26.473684210526315
What are the keys to effective communication,20,0.3744202431949948,0.35570914255102054,0.34014869888475835,0.3891992551210428,0.4216417910447761,24.9,20,0.0391286312576951,0.018141567884003302,0.9176029962546817,0.9943714821763602,1.0,24.2
The impact of social media has been,20,0.277296655852881,0.2451002280437849,0.3833634719710669,0.4365942028985507,0.4664246823956443,24.35,20,0.0425914248306287,0.019770783951837793,0.9156414762741653,0.9911971830985915,0.9964726631393298,24.6
What are the advantages of renewable energy,20,0.1756291954012983,0.14267255714957106,0.46653543307086615,0.5226824457593688,0.5573122529644269,24.1,20,0.04792087550751656,0.0233368620941357,0.8905380333951762,0.9721189591078067,0.9925512104283054,24.65
The art of community requires,21,0.3702132300152114,0.34157569236306906,0.3360927152317881,0.38308457711442784,0.4169435215946844,24.476190476190474,21,0.043858030285400064,0.0192909030346675,0.9070146818923328,0.9934640522875817,1.0,26.238095238095237
The purpose of education is,20,0.3362415129038627,0.27365601521895566,0.35751295336787564,0.4134948096885813,0.44540727902946275,26.25,20,0.04661063477093812,0.021061624281549257,0.8913793103448275,0.9861830742659758,0.9965397923875432,25.8
The challenge of writing is that,20,0.31621671793200495,0.27427547557332344,0.3299492385786802,0.3813559322033898,0.4159592529711375,24.95,20,0.05306137780776863,0.023262369912546235,0.8902229845626072,0.9810996563573883,0.9931153184165232,25.6
The art of culture requires,20,0.29037726941930386,0.25165161422866034,0.30743243243243246,0.3637901861252115,0.39661016949152544,26.2,20,0.04226002214280969,0.02032518430588989,0.8938356164383562,0.9759862778730704,0.993127147766323,26.1
The power of storytelling lies in,20,0.26656092116661323,0.2366564709300003,0.37132987910189985,0.41522491349480967,0.4436741767764298,24.25,20,0.06359617737284502,0.03156094174704365,0.8698630136986302,0.9656946826758147,0.993127147766323,26.1
How can we promote mental health,21,0.31587044315844864,0.24611278745300738,0.3181019332161687,0.36795774647887325,0.4021164021164021,23.428571428571427,21,0.04514398180135479,0.020123274290360475,0.8991452991452992,0.9863013698630136,0.9982847341337907,24.476190476190474
The challenge of family is that,20,0.5953113460725166,0.5804449682639761,0.24271844660194175,0.28599221789883267,0.3216374269005848,22.55,20,0.05183254090338228,0.023803885092532787,0.8777969018932874,0.9775862068965517,0.9965457685664939,25.4
The appeal of painting comes from,20,0.30191018041537593,0.26042898862389097,0.34385964912280703,0.3884007029876977,0.4225352112676056,26.35,20,0.05659313560688654,0.026995295634522007,0.8756476683937824,0.9705882352941176,0.9878682842287695,26.05
The balance between work and life requires,21,0.20234598087037883,0.1797529595501191,0.39008264462809916,0.4370860927152318,0.4660033167495854,24.714285714285715,21,0.043414608826333634,0.020682858361082704,0.875605815831987,0.9724919093851133,0.993517017828201,25.666666666666668
The best way to learn a new skill is,19,0.09626684518099926,0.06971411240640807,0.8327205882352942,0.9060773480662984,0.9391143911439115,24.842105263157894,19,0.0602137392678796,0.02671421928872891,0.8219424460431655,0.9477477477477477,0.9729241877256317,25.68421052631579
"If education focused on one thing, it should be",21,0.21708108829331285,0.19315232148529948,0.3678571428571429,0.41323792486583183,0.4444444444444444,22.571428571428573,21,0.05223590297139826,0.02571006973506041,0.875219683655536,0.9683098591549296,0.9894179894179894,23.095238095238095
The future of technology will be,20,0.26165001732184623,0.25242928391659164,0.37573385518590996,0.40784313725490196,0.4400785854616896,21.15,20,0.05067818608237832,0.023947467877527252,0.8898601398601399,0.9719789842381786,0.9929824561403509,24.9
The role of art in society is,20,0.30885158178043715,0.27775236347411175,0.33671742808798644,0.3847457627118644,0.41256366723259763,25.7,20,0.05300466267678729,0.023254351613190886,0.8595890410958904,0.9777015437392796,0.993127147766323,26.65
"If technology continues advancing, we will",20,0.6043784978274037,0.595301897922692,0.2621184919210054,0.30035971223021585,0.33153153153153153,23.55,20,0.04520050613282851,0.023881579117882572,0.8982456140350877,0.9666080843585237,0.9823943661971831,25.55
A perfect day would include,20,0.3545563580847336,0.3256789697101813,0.3677536231884058,0.41379310344827586,0.44727272727272727,24.35,20,0.04737175974951811,0.020469325406758023,0.9112318840579711,0.9927404718693285,1.0,24.6
The most interesting person I know is someone who,20,0.2031633811662658,0.1729891284783897,0.41836734693877553,0.47018739352640543,0.5017064846416383,25.9,20,0.04774054162632764,0.021729680336211744,0.8493870402802102,0.9649122807017544,0.9859402460456942,24.8
The importance of diversity stems from,20,0.46774043083393474,0.44141748479683796,0.2673992673992674,0.3100917431192661,0.34375,24.4,20,0.05715948173383916,0.03036423941652249,0.9018932874354562,0.9775862068965517,0.9948186528497409,26.4
The ideal workplace should,21,0.5955736269906797,0.5714430793474932,0.2578512396694215,0.30629139072847683,0.3449419568822554,23.714285714285715,21,0.056620294278626505,0.0269235819997294,0.8662207357859532,0.9597989949748744,0.9865771812080537,24.80952380952381
The foundation of trust is,21,0.5888616157181337,0.5767546030043298,0.23529411764705882,0.2755632582322357,0.3107638888888889,24.428571428571427,21,0.0692152035426863,0.028135900254029036,0.8398692810457516,0.9770867430441899,1.0,26.095238095238095
The essence of creativity is,20,0.2854557879850811,0.23657517977904818,0.3219178082191781,0.3687821612349914,0.4020618556701031,25.75,20,0.05066915813918977,0.022331432607420067,0.8545780969479354,0.9730215827338129,0.9945945945945946,24.9
"To improve healthcare, we could",21,0.39712529656488643,0.36687510596350065,0.28893058161350843,0.33270676691729323,0.3728813559322034,23.095238095238095,21,0.03695310102974059,0.01727618620959128,0.9378151260504202,0.9949494949494949,1.0,25.0
What are the elements of a great story,21,0.27412976090376434,0.20333772988708845,0.40425531914893614,0.46536412078152756,0.50355871886121,22.428571428571427,21,0.04456276630758745,0.019675079141738164,0.8808724832214765,0.9882352941176471,0.9983164983164983,24.476190476190474
The key to a successful relationship is,20,0.22012105324930756,0.200501463968455,0.3507751937984496,0.39611650485436894,0.43190661478599224,21.65,20,0.045893811221376,0.02132796862100398,0.8913793103448275,0.9810017271157168,0.9982698961937716,26.05
What are the benefits of exercise,20,0.3970836739555557,0.37103333072914674,0.3969465648854962,0.4474187380497132,0.4885057471264368,23.8,20,0.03563115453176571,0.018422245406183483,0.8996350364963503,0.9634369287020109,0.9761904761904762,24.4
The relationship between nature and humanity is,20,0.2987278586259449,0.26787548528491895,0.3282051282051282,0.3784246575342466,0.41509433962264153,27.1,20,0.05017047598832571,0.023377520249413766,0.8927335640138409,0.9809358752166378,0.9965277777777778,25.8
The challenge of reading is that,20,0.3047500879210734,0.25944457853913144,0.35172413793103446,0.39896373056994816,0.43252595155709345,27.4,20,0.04362539125910609,0.018927024125830586,0.9040404040404041,0.9949409780775716,1.0,26.55
The distinction between happiness and contentment is,21,0.33382310472053134,0.28426685957868,0.2931654676258993,0.34054054054054056,0.37725631768953066,23.0,21,0.04266990894675091,0.020659825045121236,0.875,0.9719934102141681,0.9917491749174917,24.666666666666668
The most valuable lesson I've learned is,20,0.38685213260729356,0.34221930741270945,0.3225255972696246,0.38974358974358975,0.4263698630136986,25.65,20,0.059364454954180634,0.026293974312601727,0.815068493150685,0.9588336192109777,0.9879725085910653,25.9
The beauty of friendship lies in,20,0.4239800612610168,0.3927549522952681,0.33560477001703576,0.3890784982935154,0.4222222222222222,24.95,20,0.04847458296573711,0.023545944792601053,0.8864027538726333,0.9775862068965517,0.9930915371329879,26.6
How can we improve education systems,20,0.21322103109244267,0.19583925814175798,0.39082969432314413,0.4420131291028446,0.4824561403508772,21.25,20,0.04062783593862653,0.018502686486974687,0.927007299270073,0.9963436928702011,1.0,24.5
"If I could change one thing about the world, it would be",21,0.41493677159399533,0.3857553046495759,0.28471001757469244,0.33274647887323944,0.36684303350970016,23.476190476190474,21,0.05298002649729415,0.02303047525741088,0.8557213930348259,0.978405315614618,0.9950083194675541,24.047619047619047
How can we encourage innovation,20,0.27704218448559836,0.25926757757219265,0.3540856031128405,0.39766081871345027,0.431640625,22.5,20,0.037966822941606526,0.017867195428377527,0.9096045197740112,0.9811320754716981,0.9924385633270322,22.95
The biggest challenge facing society today is,22,0.23721420219055403,0.2180839803849005,0.3485915492957746,0.3985890652557319,0.43109540636042404,24.272727272727273,22,0.044413383877088465,0.01997108475361156,0.9004665629860031,0.9875389408099688,0.9984399375975039,26.40909090909091
